{
  "parameters": {
    "lens1CenterX": 0.4937344549548594,
    "lens1CenterY": 0.49317985310212303,
    "lens1FOV": 195.0,
    "lens1K1": 0.2017618130254358,
    "lens1K2": 0.0067808569119695685,
    "lens1K3": -0.24424923140359767,
    "lens1RotationYaw": 0.029819813374876256,
    "lens1RotationPitch": -0.044796657934358976,
    "lens1RotationRoll": -0.005561092416580582,
    "lens2CenterX": 0.4934550215752418,
    "lens2CenterY": 0.49111316354831963,
    "lens2FOV": 195.0,
    "lens2K1": 0.17101550031062024,
    "lens2K2": -0.14415651803991783,
    "lens2K3": -0.05487515276834023,
    "lens2RotationYaw": 0.0,
    "lens2RotationPitch": 0.0,
    "lens2RotationRoll": 0.0,
    "isHorizontal": true
  }
}